channel_name,path,file_name,upload_date,owner,readonly_flag,encrypted_flag,notes
Boots_2025,G:\Boots\boots-heels\2025,(Trailer) Julie's Booted Adventures �0�0Luxury high heels boots in the river [KgtQWOKUnrY](Julie's booted adventures@juliesad.mp4,2025-03-20,narumi,TRUE,FALSE,#boots #2025t^
Boots_2025,G:\Boots\boots-heels\2025,010 flooded boots in water and mud [9PnkEKh6ZJ4].mp4,2024-12-13,narumi,TRUE,FALSE,#boots #2025t^
Boots_2025,G:\Boots\boots-heels\2025,"2 augusti 2018 [BcbrpMoltzg](Nylon Lover@nylonlover8710,20180802).mp4",2021-06-27,narumi,TRUE,FALSE,#boots #2025t^
Boots_2025,G:\Boots\boots-heels\2025,"2025 - Girl in wet boots in a cold swamp [QM1p7dPdvtc](Girls keep dry@girlskeepdry1090,20250402).mp4",2025-04-03,narumi,TRUE,FALSE,#boots #2025t^
Boots_2025,G:\Boots\boots-heels\2025,"22 februari 2020 [BLDm31ZfSno](Nylon Lover@nylonlover8710,20200222).mp4",2024-08-28,narumi,TRUE,FALSE,#boots #2025t^
Boots_2025,G:\Boots\boots-heels\2025,"29 augusti 2018 [bZG9rG_rAPk](Nylon Lover@nylonlover8710,20180829).mp4",2021-07-07,narumi,TRUE,FALSE,#boots #2025t^
Boots_2025,G:\Boots\boots-heels\2025,"7 juli 2018 [TIwaf_zSTIg](Nylon Lover@nylonlover8710,20180707).mp4",2024-08-16,narumi,TRUE,FALSE,#boots #2025t^
Boots_2025,G:\Boots\boots-heels\2025,"A glamorous lady gets into a dirty story! [9Q8BZ6O2WnE](FGstudio@fgstudio9623,20231214).mp4",2023-12-15,narumi,TRUE,FALSE,#boots #2025t^
Boots_2025,G:\Boots\boots-heels\2025,A series of all mud-stomping video integration preview [SsDjGa8i34k].mp4,2025-02-16,narumi,TRUE,FALSE,#boots #2025t^
Boots_2025,G:\Boots\boots-heels\2025,Bathtub play and poo... [SJ7EaiRZzTY].mp4,2025-01-30,narumi,TRUE,FALSE,#boots #2025t^
Boots_2025,G:\Boots\boots-heels\2025,"Betty's other new flats messy [e3YG042BlKQ](Sole Shocked Shoes@DroopDawgProductions,20250331).mp4",2025-03-31,narumi,TRUE,FALSE,#boots #2025t^
Boots_2025,G:\Boots\boots-heels\2025,Black boots and black silk stockings wet and muddy(114)(Full video 32min 40sec) [7J2SkEMwo58].mp4,2025-02-23,narumi,TRUE,FALSE,#boots #2025t^
Boots_2025,G:\Boots\boots-heels\2025,Black high heels on mud(14)(Full video 12min 45sec) [o8d6AD6VGzk].mp4,2024-09-17,narumi,TRUE,FALSE,#boots #2025t^
Boots_2025,G:\Boots\boots-heels\2025,Black leather shoes and white socks muddy(English subtitles)(Full video 31min 10sec) [DCIak1xyGdo](Girls with dirty shoes@G.mp4,2025-04-01,narumi,TRUE,FALSE,#boots #2025t^
Boots_2025,G:\Boots\boots-heels\2025,Black leather shoes crush food(44)(Full video 35min 42sec) [wsTe_PrtarA].mp4,2024-11-08,narumi,TRUE,FALSE,#boots #2025t^
Boots_2025,G:\Boots\boots-heels\2025,Black patent heels and brown wet mud [v_MQpsYzB3E].mp4,2024-11-05,narumi,TRUE,FALSE,#boots #2025t^
Boots_2025,G:\Boots\boots-heels\2025,"Black silk stocking,black high top boots wet and muddy(111)(Full video 30min 15sec) [Aa-XEjcjKlc].mp4",2025-01-26,narumi,TRUE,FALSE,#boots #2025t^
Boots_2025,G:\Boots\boots-heels\2025,"black socks & white thigh boots trampling deep mud   fun [fYsvcMGumAg](TB Angel@TBAngel69,20250306,00h03m23s).mp4",2025-03-07,narumi,TRUE,FALSE,#boots #2025t^
Boots_2025,G:\Boots\boots-heels\2025,"Blonde girl in nylons, patent heels having fun in the lake and tina... [zBCxEaKIFtA](Mila_Dancing_Toes@Mila.Inspiration,202.mp4",2025-02-24,narumi,TRUE,FALSE,#boots #2025t^
Boots_2025,G:\Boots\boots-heels\2025,"Boots in muddy water [Bklqu0IjDM8](Eveymudlol14@Eveymudlol1234,20250309,00h04m16s).mp4",2025-03-03,narumi,TRUE,FALSE,#boots #2025t^
Boots_2025,G:\Boots\boots-heels\2025,Boots wet in river. 250302 [N9mbCU78awo].mp4,2025-03-02,narumi,TRUE,FALSE,#boots #2025t^
Boots_2025,G:\Boots\boots-heels\2025,"Boots wet in river250301 [5_uzRwUaMuw](Miki in boots@mikiinboots4816,20250320,00h08m43s).mp4",2025-03-21,narumi,TRUE,FALSE,#boots #2025t^
Boots_2025,G:\Boots\boots-heels\2025,"Boots wet in river250302 [aLnxusgRQCQ](Miki in boots@mikiinboots4816,20250320,00h06m39s).mp4",2025-03-20,narumi,TRUE,FALSE,#boots #2025t^
Boots_2025,G:\Boots\boots-heels\2025,"Boots wet in river25032201 [1idYXpiOBYM](Miki in boots@mikiinboots4816,20250322).mp4",2025-03-23,narumi,TRUE,FALSE,#boots #2025t^
Boots_2025,G:\Boots\boots-heels\2025,"Brown boots in mud [ZXkm0HEI4IQ](Vikis Mud Paradise@VikisMudParadise,20180706).mp4",2023-01-12,narumi,TRUE,FALSE,#boots #2025t^
Boots_2025,G:\Boots\boots-heels\2025,"Cake crush, messy feet, messy crush, high heels crush cake, inshoe crush, messy high heels (# 1521) [TlBeuApGQic].mp4",2025-01-29,narumi,TRUE,FALSE,#boots #2025t^
Boots_2025,G:\Boots\boots-heels\2025,chardust tidal mud [D931Vq_aO0w].mp4,2024-07-04,narumi,TRUE,FALSE,#boots #2025t^
Boots_2025,G:\Boots\boots-heels\2025,"Daffodils in the spring sunshine [XRZUyK9ipT0](Miss Katniss@Katnissgirl,20250319,00h01m32s).mp4",2025-03-20,narumi,TRUE,FALSE,#boots #2025t^
Boots_2025,G:\Boots\boots-heels\2025,"deep muddy water in white thigh boots [lp1LN6XjQKU](TB Angel@TBAngel69,20250208,00h06m33s).mp4",2025-02-08,narumi,TRUE,FALSE,#boots #2025t^
Boots_2025,G:\Boots\boots-heels\2025,"dirty high heels, dirty feet, dirty nylons, dirty stockings, wet stockings, wet shoes, girl in mud [q6f3w_zLxyk].mp4",2023-05-17,narumi,TRUE,FALSE,#boots #2025t^
Boots_2025,G:\Boots\boots-heels\2025,"Dr martens slip-on shoes lost in mud [f071AM-9jdo](Katie heels@katieheels6225,20230329).mp4",2023-03-30,narumi,TRUE,FALSE,#boots #2025t^
Boots_2025,G:\Boots\boots-heels\2025,"Fishing with mud heels [RRAsh7sFMJ4](Fun lyu@funlyu1335,20220529).mp4",2022-05-29,narumi,TRUE,FALSE,#boots #2025t^
Boots_2025,G:\Boots\boots-heels\2025,"Flats stuck in mud [yj9CaYYO2JY](Vikis Mud Paradise@VikisMudParadise,20180831).mp4",2024-03-06,narumi,TRUE,FALSE,#boots #2025t^
Boots_2025,G:\Boots\boots-heels\2025,Four pairs of socks on mud(67)(Full video 41min 23sec) [ZK5668XAJZM].mp4,2024-12-07,narumi,TRUE,FALSE,#boots #2025t^
Boots_2025,G:\Boots\boots-heels\2025,Girl Thigh High Heeled Boots in Mud [9cNd4bzPXcc].mp4,2025-03-10,narumi,TRUE,FALSE,#boots #2025t^
Boots_2025,G:\Boots\boots-heels\2025,Girl with over knee high heel boots in deep mud [YFpxMPig3FI].mp4,2025-02-09,narumi,TRUE,FALSE,#boots #2025t^
Boots_2025,G:\Boots\boots-heels\2025,Gumboots Tribute [2ibaILZZKj0].mp4,2024-12-08,narumi,TRUE,FALSE,#boots #2025t^
Boots_2025,G:\Boots\boots-heels\2025,"He couldn' t resist ... [YeeP3ct-qRQ](Mademoiselle C.@mademoisellec.6345,20250313).mp4",2025-03-17,narumi,TRUE,FALSE,#boots #2025t^
Boots_2025,G:\Boots\boots-heels\2025,Heeled Boots in Sticky Mud [tFG7YsZd0BY].mp4,2025-03-02,narumi,TRUE,FALSE,#boots #2025t^
Boots_2025,G:\Boots\boots-heels\2025,High heel boots by the stream [DWM0brXd4OE].mp4,2025-01-17,narumi,TRUE,FALSE,#boots #2025t^
Boots_2025,G:\Boots\boots-heels\2025,High heel walk in mud                                              #feet #foot #barefoot #mud #jeans [ZCvh8CpVrIM](Terezzz@.mp4,2025-03-19,narumi,TRUE,FALSE,#boots #2025t^
Boots_2025,G:\Boots\boots-heels\2025,High heels boots dirty milk [xtPdI8KKjWo].mp4,2025-02-07,narumi,TRUE,FALSE,#boots #2025t^
Boots_2025,G:\Boots\boots-heels\2025,High heels on mud(23)(Full video 33min 03sec) [hEkYIF5HI2k].mp4,2024-10-01,narumi,TRUE,FALSE,#boots #2025t^
Boots_2025,G:\Boots\boots-heels\2025,High heels VS Ice [tgBPYeSwfDM].mp4,2025-01-31,narumi,TRUE,FALSE,#boots #2025t^
Boots_2025,G:\Boots\boots-heels\2025,High heels walk under bridge at middle of night [vVGdmkjW3bc].mp4,2025-01-31,narumi,TRUE,FALSE,#boots #2025t^
Boots_2025,G:\Boots\boots-heels\2025,"Hunter Boots (1) [P_wRBIFlTK4](Hunter wellies@hunterwellies789,20250401).mp4",2025-04-01,narumi,TRUE,FALSE,#boots #2025t^
Boots_2025,G:\Boots\boots-heels\2025,Hunter Boots Thriller Part 1 [o6i4T-WbqWo].mp4,2025-03-13,narumi,TRUE,FALSE,#boots #2025t^
Boots_2025,G:\Boots\boots-heels\2025,It�z�Q raining�zf� #heels #shoes #horror [nWQMKma704I].mp4,2025-03-08,narumi,TRUE,FALSE,#boots #2025t^
Boots_2025,G:\Boots\boots-heels\2025,"JK, White silk stockings and white leather shoes wet and muddy(122)(Full video 36min 00sec) [1rmnD5Xm5ro].mp4",2025-03-13,narumi,TRUE,FALSE,#boots #2025t^
Boots_2025,G:\Boots\boots-heels\2025,"leather boot and mud [WNT0GeYaELQ](Anya Adler@anyaadler5083,20220721).mp4",2025-03-15,narumi,TRUE,FALSE,#boots #2025t^
Boots_2025,G:\Boots\boots-heels\2025,Leggings and Booties Sinking in Quicksand [WlwSDBOQAYA].mp4,2025-03-03,narumi,TRUE,FALSE,#boots #2025t^
Boots_2025,G:\Boots\boots-heels\2025,"Maid and her mud leg [HODRx-gEMr0](r�q�_�q��1g�`@r�q�_�q��1g�`,20201227).mp4",2020-12-28,narumi,TRUE,FALSE,#boots #2025t^
Boots_2025,G:\Boots\boots-heels\2025,"March 2, 2025 [3k0_wK59WtU](Katie heels@katieheels6225,20250303,00h14m29s).mp4",2025-03-07,narumi,TRUE,FALSE,#boots #2025t^
Boots_2025,G:\Boots\boots-heels\2025,Maryjane heels lost in the forest (trailer) [em7GNOAr3io].mp4,2025-03-12,narumi,TRUE,FALSE,#boots #2025t^
Boots_2025,G:\Boots\boots-heels\2025,Mint color wellies_55 [p61vaQcXpeY].mp4,2025-01-20,narumi,TRUE,FALSE,#boots #2025t^
Boots_2025,G:\Boots\boots-heels\2025,Mint color wellies_56 [8iMjenIEqDU].mp4,2025-02-03,narumi,TRUE,FALSE,#boots #2025t^
Boots_2025,G:\Boots\boots-heels\2025,Mint color wellies_57 [wNJEtFvqfJM].mp4,2025-02-17,narumi,TRUE,FALSE,#boots #2025t^
Boots_2025,G:\Boots\boots-heels\2025,"Muddy ballet flats, ballet flats on slippery mud, wet ballet flats, ballet flats in mud (# 1463) [hKtjktYR6TQ].mp4",2024-08-11,narumi,TRUE,FALSE,#boots #2025t^
Boots_2025,G:\Boots\boots-heels\2025,"Muddy heel challenges [mNRUMRaGEw8](High heel Walk@highheelwalk3005,20200613).mp4",2023-06-15,narumi,TRUE,FALSE,#boots #2025t^
Boots_2025,G:\Boots\boots-heels\2025,"Muddy walk in high boots and oversized shirt [z8bxJAOTZeE](BootedGirl@Bootedgirl566,20250228,00h09m32s).mp4",2025-03-05,narumi,TRUE,FALSE,#boots #2025t^
Boots_2025,G:\Boots\boots-heels\2025,Muddy wellies [-NO_rZnuVB4].mp4,2025-01-17,narumi,TRUE,FALSE,#boots #2025t^
Boots_2025,G:\Boots\boots-heels\2025,"Navy Spot Joules wellies_2 [tS3zNsXc0c8](Wellies Man@welliesman4117,20250331).mp4",2025-03-15,narumi,TRUE,FALSE,#boots #2025t^
Boots_2025,G:\Boots\boots-heels\2025,nerea tidal mud fun [zMX3_1etZUQ].mp4,2024-07-04,narumi,TRUE,FALSE,#boots #2025t^
Boots_2025,G:\Boots\boots-heels\2025,NEW AIGLE Riding boots and Pink HUNTER Boots in MUD [4uzlDbhgy-0].mp4,2025-02-03,narumi,TRUE,FALSE,#boots #2025t^
Boots_2025,G:\Boots\boots-heels\2025,"new flats messy (requested) [3ThrMglWTZ8](Sole Shocked Shoes@DroopDawgProductions,20250331).mp4",2025-03-31,narumi,TRUE,FALSE,#boots #2025t^
Boots_2025,G:\Boots\boots-heels\2025,NickysWellies   Flooding Wellies with Shiny Stockings [bZkbmTSVQjg].mp4,2024-09-20,narumi,TRUE,FALSE,#boots #2025t^
Boots_2025,G:\Boots\boots-heels\2025,Pink Hunter Boots_4 [Ote76vtcWyk].mp4,2025-03-12,narumi,TRUE,FALSE,#boots #2025t^
Boots_2025,G:\Boots\boots-heels\2025,Pink Hunter Wellies in Mud [lLUkUEhbLig].mp4,2025-01-15,narumi,TRUE,FALSE,#boots #2025t^
Boots_2025,G:\Boots\boots-heels\2025,"purple hunter lady stucked [iqq2dcDPh8Q](Anya Adler@anyaadler5083,20250317,00h08m24s).mp4",2025-03-17,narumi,TRUE,FALSE,#boots #2025t^
Boots_2025,G:\Boots\boots-heels\2025,"Quicksand Scene #4 [cOqfEGZ3tV0](Lintime Sinker@lintimesinker2315,20200706).mp4",2024-02-17,narumi,TRUE,FALSE,#boots #2025t^
Boots_2025,G:\Boots\boots-heels\2025,"Ran away from the office to the lake ! [6LfOtRaNNpw](Mila_Dancing_Toes@Mila.Inspiration,20230817).mp4",2023-08-17,narumi,TRUE,FALSE,#boots #2025t^
Boots_2025,G:\Boots\boots-heels\2025,Red boots wet in river.250301 [sG0E9UAbJPM].mp4,2025-03-02,narumi,TRUE,FALSE,#boots #2025t^
Boots_2025,G:\Boots\boots-heels\2025,"Red Knee High Leather Patent PVC Heel Boots In Mud_2 (Spring�z�05) [V3JMpO7RtMA](Lost Forboots@lostforboots1573,20250331).mp4",2025-04-01,narumi,TRUE,FALSE,#boots #2025t^
Boots_2025,G:\Boots\boots-heels\2025,"Red thigh boots 2 [J2jXThoPJ9U](muddyboots_reposter@stuckinmud_reposts,20250310,00h01m47s).mp4",2025-03-10,narumi,TRUE,FALSE,#boots #2025t^
Boots_2025,G:\Boots\boots-heels\2025,"Red thigh boots 3 [FiLTZ3-AQjI](muddyboots_reposter@stuckinmud_reposts,20250310,00h02m49s).mp4",2025-03-10,narumi,TRUE,FALSE,#boots #2025t^
Boots_2025,G:\Boots\boots-heels\2025,"Red thigh boots 4 [x2HZwO79iQk](muddyboots_reposter@stuckinmud_reposts,20250310,00h03m11s).mp4",2025-03-10,narumi,TRUE,FALSE,#boots #2025t^
Boots_2025,G:\Boots\boots-heels\2025,"Red thigh boots 5 [WQqbEYl1Px0](muddyboots_reposter@stuckinmud_reposts,20250310,00h05m48s).mp4",2025-03-10,narumi,TRUE,FALSE,#boots #2025t^
Boots_2025,G:\Boots\boots-heels\2025,Riding boots 1 [T4PKAiS22nk].mp4,2025-01-13,narumi,TRUE,FALSE,#boots #2025t^
Boots_2025,G:\Boots\boots-heels\2025,Riding boots and mud [lOrnDFCfsNQ].mp4,2025-02-02,narumi,TRUE,FALSE,#boots #2025t^
Boots_2025,G:\Boots\boots-heels\2025,Riding boots stuck in sinking mud! [Q8Dx5cTKqsg].mp4,2025-01-22,narumi,TRUE,FALSE,#boots #2025t^
Boots_2025,G:\Boots\boots-heels\2025,riding boots wet barefeet [aNHwE3wGlO4].mp4,2024-09-18,narumi,TRUE,FALSE,#boots #2025t^
Boots_2025,G:\Boots\boots-heels\2025,Rubber boots in sinking mud [rb5VkQEzlP8].mp4,2025-01-13,narumi,TRUE,FALSE,#boots #2025t^
Boots_2025,G:\Boots\boots-heels\2025,Rubber riding boots and deep mud [ruyjvRj4jbs].mp4,2025-01-09,narumi,TRUE,FALSE,#boots #2025t^
Boots_2025,G:\Boots\boots-heels\2025,Rubber waders sink in sticky mud and get stuck! [j889GFqNftM].mp4,2025-01-10,narumi,TRUE,FALSE,#boots #2025t^
Boots_2025,G:\Boots\boots-heels\2025,Rubber wellies in sticky mud [4DidU36BNls].mp4,2025-01-16,narumi,TRUE,FALSE,#boots #2025t^
Boots_2025,G:\Boots\boots-heels\2025,Silver high heels and flesh colored stockings wet and muddy(77)(Full video 44min 57sec) [Z7CZjN9Hhp8].mp4,2024-12-27,narumi,TRUE,FALSE,#boots #2025t^
Boots_2025,G:\Boots\boots-heels\2025,Silver high heels on mud(43)(Full video 27min 05sec) [KI_5mOaHbRM].mp4,2024-10-17,narumi,TRUE,FALSE,#boots #2025t^
Boots_2025,G:\Boots\boots-heels\2025,"Slingbacks and tights get wet [3DiZHwqt4No](Katie heels@katieheels6225,20210704).mp4",2021-07-04,narumi,TRUE,FALSE,#boots #2025t^
Boots_2025,G:\Boots\boots-heels\2025,Sneakers and leather shoes and high heels with a lot of food and soup(82)(Full video 49min 25sec) [t7aiPEoLgLg].mp4,2025-01-04,narumi,TRUE,FALSE,#boots #2025t^
Boots_2025,G:\Boots\boots-heels\2025,"Socks, black heels and skirt walk in the forest [-MrEwDTeyvA].mp4",2025-03-01,narumi,TRUE,FALSE,#boots #2025t^
Boots_2025,G:\Boots\boots-heels\2025,"Struggling through mud on high heels (Low-angle view, shoes and feet only) [HsgRGeHgqJw].mp4",2025-02-21,narumi,TRUE,FALSE,#boots #2025t^
Boots_2025,G:\Boots\boots-heels\2025,Stuck Deep in Mud in Tights and Mini Skirt [0brCAVf6s0k].mp4,2025-02-22,narumi,TRUE,FALSE,#boots #2025t^
Boots_2025,G:\Boots\boots-heels\2025,Stuck In Clay In Rubber Boots and Mini Skirt [LftlXJ_kYDM].mp4,2025-03-03,narumi,TRUE,FALSE,#boots #2025t^
Boots_2025,G:\Boots\boots-heels\2025,Take a walk in the park wearing pink JK and white silk stocking(90)(Full video 37min 14sec) [3UVLxEmmXZI].mp4,2025-01-22,narumi,TRUE,FALSE,#boots #2025t^
Boots_2025,G:\Boots\boots-heels\2025,"tall boots and waders trapped in mud [UM0xyWVjBus](muddyboots_reposter@stuckinmud_reposts,20250305,00h12m06s).mp4",2025-03-04,narumi,TRUE,FALSE,#boots #2025t^
Boots_2025,G:\Boots\boots-heels\2025,The dress and black silk Mary Jane shoes sank into the mud [s2dTM543DcM].mp4,2025-01-28,narumi,TRUE,FALSE,#boots #2025t^
Boots_2025,G:\Boots\boots-heels\2025,Three pairs of leather shoes and white socks on mud(64)(Full video 43min 11sec) [GDrwFV5kM7k].mp4,2024-11-30,narumi,TRUE,FALSE,#boots #2025t^
Boots_2025,G:\Boots\boots-heels\2025,Three pairs of leather shoes on mud(36)(Full video 30min 38sec) [K3BzWxPu5HA].mp4,2024-10-12,narumi,TRUE,FALSE,#boots #2025t^
Boots_2025,G:\Boots\boots-heels\2025,TIMBERLAND long boots wet and muddy(89)(Full video 41min 26sec) [5cogmhwDSjg].mp4,2025-01-18,narumi,TRUE,FALSE,#boots #2025t^
Boots_2025,G:\Boots\boots-heels\2025,"Twin strap Mary Janes get muddy [rjfd6An9iS8](Katie heels@katieheels6225,20230514).mp4",2023-05-16,narumi,TRUE,FALSE,#boots #2025t^
Boots_2025,G:\Boots\boots-heels\2025,Two beautiful girls are playing in the mud [QvUl0fmJIXM].mp4,2023-06-25,narumi,TRUE,FALSE,#boots #2025t^
Boots_2025,G:\Boots\boots-heels\2025,Two pairs of high heels on mud(47)(Full video 26min 10sec) [LpCwxgWyp2I].mp4,2024-10-21,narumi,TRUE,FALSE,#boots #2025t^
Boots_2025,G:\Boots\boots-heels\2025,UGG TALL - boots and tights in mud [uXOX70xouDc].mp4,2025-03-11,narumi,TRUE,FALSE,#boots #2025t^
Boots_2025,G:\Boots\boots-heels\2025,"Vintage Arrow Jeans in a Summer Throwback Video [6Vxf1644iNw](LoveMyJeans@lovemyjeans,20210124).mp4",2023-06-04,narumi,TRUE,FALSE,#boots #2025t^
Boots_2025,G:\Boots\boots-heels\2025,Voluntary excursion from the office goes wrong. Her heels get ruined. [SuFV7hLdljs].mp4,2025-03-04,narumi,TRUE,FALSE,#boots #2025t^
Boots_2025,G:\Boots\boots-heels\2025,Wader_17 [6BZIHufql1A].mp4,2025-02-13,narumi,TRUE,FALSE,#boots #2025t^
Boots_2025,G:\Boots\boots-heels\2025,Walk in Aigle boots [IYH9h34cgII].mp4,2025-01-17,narumi,TRUE,FALSE,#boots #2025t^
Boots_2025,G:\Boots\boots-heels\2025,"Walk in river with red patent high heels [5IQ7e1JBDtI](High heel Walk@highheelwalk3005,20200613).mp4",2023-01-26,narumi,TRUE,FALSE,#boots #2025t^
Boots_2025,G:\Boots\boots-heels\2025,"Walking in black high heels under rain [QF6-7BbssNc](High heel Walk@highheelwalk3005,20200801).mp4",2023-07-30,narumi,TRUE,FALSE,#boots #2025t^
Boots_2025,G:\Boots\boots-heels\2025,"Walking in HEELS on the lake with tina... [MAj55q-Gl98](Mila_Dancing_Toes@Mila.Inspiration,20230815).mp4",2023-08-15,narumi,TRUE,FALSE,#boots #2025t^
Boots_2025,G:\Boots\boots-heels\2025,"Walking in woods with black patent high heels at night [PR3XdkbmVGk](High heel Walk@highheelwalk3005,20200613).mp4",2024-08-16,narumi,TRUE,FALSE,#boots #2025t^
Boots_2025,G:\Boots\boots-heels\2025,"Well worn heels get the beauty treatment [8ydr2o5egms](messynatsuki@messynatsuki,20170225).mp4",2023-11-26,narumi,TRUE,FALSE,#boots #2025t^
Boots_2025,G:\Boots\boots-heels\2025,"Wet and muddy high heels [u7fpcXrmk1s](Julie Leblanc@julieleblanc28,20190603).mp4",2023-02-01,narumi,TRUE,FALSE,#boots #2025t^
Boots_2025,G:\Boots\boots-heels\2025,Wet Black high heels (White drink)(26)(Full video 17min 02sec) [TIWz4h8i8v4].mp4,2024-09-14,narumi,TRUE,FALSE,#boots #2025t^
Boots_2025,G:\Boots\boots-heels\2025,Wet Black high heels (White drink)(30)(Full video 31min 17sec) [7ehOxRtOGTM].mp4,2024-09-23,narumi,TRUE,FALSE,#boots #2025t^
Boots_2025,G:\Boots\boots-heels\2025,Wet school uniform and leather shoes(46)(Full video 25min 48sec) [RkuwUOxbBU4].mp4,2024-10-17,narumi,TRUE,FALSE,#boots #2025t^
Boots_2025,G:\Boots\boots-heels\2025,Wetlook in black boots [wPMtchHYPhw].mp4,2025-03-15,narumi,TRUE,FALSE,#boots #2025t^
Boots_2025,G:\Boots\boots-heels\2025,White high heels and white pantyhoes wet and muddy(86)(Full video 39min 41sec) [tFZQYXIyCw0].mp4,2025-01-25,narumi,TRUE,FALSE,#boots #2025t^
Boots_2025,G:\Boots\boots-heels\2025,White high heels wet  and muddy(65)(Full video 42min 38sec) [1dLr6_0jrcs].mp4,2024-12-12,narumi,TRUE,FALSE,#boots #2025t^
Boots_2025,G:\Boots\boots-heels\2025,White Hunters in Mud [hQhdHQbT0ok].mp4,2025-03-01,narumi,TRUE,FALSE,#boots #2025t^
Boots_2025,G:\Boots\boots-heels\2025,White leather shoes and black leather shoes wet and muddy(83)(Full video 36min 29sec) [H8pPA4siTPE].mp4,2025-01-02,narumi,TRUE,FALSE,#boots #2025t^
Boots_2025,G:\Boots\boots-heels\2025,White leather shoes and white high heels on mud(48)(Full video 22min 37sec) [EZ3ri3rDets].mp4,2024-10-25,narumi,TRUE,FALSE,#boots #2025t^
Boots_2025,G:\Boots\boots-heels\2025,White socks and black leather shoes on mud(29)(Full video 20min 25sec) [G5B9HSmY79o].mp4,2024-10-06,narumi,TRUE,FALSE,#boots #2025t^
Boots_2025,G:\Boots\boots-heels\2025,White socks and white high top boots wet and muddy(101)(Full video 31min 35sec) [Ucu6vrYlsF8].mp4,2025-02-09,narumi,TRUE,FALSE,#boots #2025t^
Boots_2025,G:\Boots\boots-heels\2025,White wellies_41 [zp2HIoUgMvY].mp4,2025-02-24,narumi,TRUE,FALSE,#boots #2025t^
Boots_2025,G:\Boots\boots-heels\2025,"who wants to lye under my boots & shirt [3NrTzE_rUzE](TB Angel@TBAngel69,20250313,00h02m26s).mp4",2025-03-04,narumi,TRUE,FALSE,#boots #2025t^
Boots_2025,G:\Boots\boots-heels\2025,"Work uniforms, high heels, silk stockings wet and muddy!(106)(Full video 37min 19sec) [fF6_VJJauhA].mp4",2025-02-17,narumi,TRUE,FALSE,#boots #2025t^
Boots_2025,G:\Boots\boots-heels\2025,Yellow wellies_47 [0JAcFjnqURc].mp4,2025-01-06,narumi,TRUE,FALSE,#boots #2025t^
Boots_2025,G:\Boots\boots-heels\2025,���\~���{���~���r0~� ���0r0p���r���z����0[__raDmj6vcE].mp4,2024-09-02,narumi,TRUE,FALSE,#boots #2025t^
Boots_2025,G:\Boots\boots-heels\2025,"�}����ƇNg��Ng�I�x�:Ss�e�t{x�The new video will be released in the next few days [z6CZTpCV8Dg].mp4,2025-02-23,narumi,TRUE,FALSE,#boots #2025t^
hunters and muddy females,G:\Boots\boots-heels\hunters and muddy females,""Video 56 - Third time lucky - Taster (waders, hip boots, jodhpurs, mud, wet, pond, chest waders) [v009CtZr63A](WetandMuddy@.mp4",2020-08-01,narumi,TRUE,FALSE,#boots #(hunters and muddy females)
hunters and muddy females,G:\Boots\boots-heels\hunters and muddy females,"Video 64 - Quads and jods - Taster (jodhpurs, wellies, woman, boots, wet, ATV, farmerrain, mud) [Z7TSiG0NMK4](WetandMuddy@w.mp4",2020-11-30,narumi,TRUE,FALSE,#boots #(hunters and muddy females)
hunters and muddy females,G:\Boots\boots-heels\hunters and muddy females,"Video 70 - In the long grass - Taster (riding boots, jodhpurs, pond, bog, wet, wetlook, mud, swamp) [CY6JSKvgJ9Q](WetandMud.mp4",2024-04-04,narumi,TRUE,FALSE,#boots #(hunters and muddy females)
hunters and muddy females,G:\Boots\boots-heels\hunters and muddy females,"Video 73 - Bootilicious - Taster (riding boots, wet, mud, pond, river, jodhpurs, mackintosh, mac) [thGteJ9Vt0Y](WetandMuddy.mp4",2021-06-08,narumi,TRUE,FALSE,#boots #(hunters and muddy females)
hunters and muddy females,G:\Boots\boots-heels\hunters and muddy females,"Video 76 - Walking on sunshine - Taster (zentai catsuit, lycra, wellies, swim, river, wetlook, wade) [g9ymbnNRbow](WetandMu.mp4",2021-08-30,narumi,TRUE,FALSE,#boots #(hunters and muddy females)
hunters and muddy females,G:\Boots\boots-heels\hunters and muddy females,"Video 77 - Jean pools - Taster (denim jodhpurs, riding boots, waxed jacket, wetlook, swim, splash) [i94Ul_H7LlA](WetandMudd.mp4",2021-09-17,narumi,TRUE,FALSE,#boots #(hunters and muddy females)
hunters and muddy females,G:\Boots\boots-heels\hunters and muddy females,"Video 83 - Blue bayou - Taster (leather boots, jeans, waterproof suit, wading, swim, pond, mud, wet) [4kkdGO_zfZk](WetandMu.mp4",2022-02-28,narumi,TRUE,FALSE,#boots #(hunters and muddy females)
hunters and muddy females,G:\Boots\boots-heels\hunters and muddy females,"Video 84 - Hot spring - Taster (waterproof trousers, jodhpurs, rubber riding boots,  swim, wetlook) [y0_QEIHXiXs](WetandMud.mp4",2022-03-26,narumi,TRUE,FALSE,#boots #(hunters and muddy females)
hunters and muddy females,G:\Boots\boots-heels\hunters and muddy females,"Video 85 - I can see clearly now - Taster (jodhpurs, wellies, transparent waterproof suit, swimming) [baah2INn-5o](WetandMu.mp4",2025-06-15,narumi,TRUE,FALSE,#boots #(hunters and muddy females)
hunters and muddy females,G:\Boots\boots-heels\hunters and muddy females,"Video 88 - Suits you, sir - Taster (PVC, wader suit, waterproof, jodhpurs, pond, wet, mud, hosepipe) [Luy7gCnKQ9Y](WetandMu.mp4",2022-07-01,narumi,TRUE,FALSE,#boots #(hunters and muddy females)
hunters and muddy females,G:\Boots\boots-heels\hunters and muddy females,"Video 89 - Bad advice - Taster (Leather riding boots, jodhpurs, deep mud, swim, pond, wetlook woman) [0jQ7eBB6ggE](WetandMu.mp4",2024-09-05,narumi,TRUE,FALSE,#boots #(hunters and muddy females)
hunters and muddy females,G:\Boots\boots-heels\hunters and muddy females,"Video 90 - Muddy water aerobics - Taster (riding boots, waterproof jodhpurs, fishnets, hoodie, mud) [I6FypJzL5rE](WetandMud.mp4",2022-08-03,narumi,TRUE,FALSE,#boots #(hunters and muddy females)
hunters and muddy females,G:\Boots\boots-heels\hunters and muddy females,"Video 92 - Clear as mud - Taster (denim jumpsuit, leather boots, waterproof suit, mud, wet, pond) [qkpGSnfxC5c](WetandMuddy.mp4",2022-09-15,narumi,TRUE,FALSE,#boots #(hunters and muddy females)
hunters and muddy females,G:\Boots\boots-heels\hunters and muddy females,"Video 93 - Marsh mellow - Taster (jodhpurs, rubber waders, waterproof jacket, wet, swim, mud, woman) [DCTM7OoZldI](WetandMu.mp4",2024-04-09,narumi,TRUE,FALSE,#boots #(hunters and muddy females)
hunters and muddy females,G:\Boots\boots-heels\hunters and muddy females,"Video 94 - Chaps and chapesses - Taster (chaps, riding boots, waterproof jodhpurs, swim, river, wet) [lJyHJqO7oF4](WetandMu.mp4",2022-09-21,narumi,TRUE,FALSE,#boots #(hunters and muddy females)
hunters and muddy females,G:\Boots\boots-heels\hunters and muddy females,"wader in river [iP-U7RtJly4](Anya Adler@anyaadler5083,20220622).mp4",2024-09-12,narumi,TRUE,FALSE,#boots #(hunters and muddy females)
hunters and muddy females,G:\Boots\boots-heels\hunters and muddy females,"Waders  Movie 147 preview [PEqr3eLP3oM](gummistiefel21@gummistiefel21,20120827).mp4",2024-08-28,narumi,TRUE,FALSE,#boots #(hunters and muddy females)
hunters and muddy females,G:\Boots\boots-heels\hunters and muddy females,"Waders 30 [x75cheTqxh4](gummistiefel21@gummistiefel21,20110423).mp4",2019-12-17,narumi,TRUE,FALSE,#boots #(hunters and muddy females)
hunters and muddy females,G:\Boots\boots-heels\hunters and muddy females,"Waders in the harbour (part 1) [2b8uqmjYudw](Mariella Boots@mariellaboots2832,20160917).mp4",2024-03-17,narumi,TRUE,FALSE,#boots #(hunters and muddy females)
hunters and muddy females,G:\Boots\boots-heels\hunters and muddy females,"Waders in the harbour (part 2) [AmGULzvJs8M](Mariella Boots@mariellaboots2832,20170213).mp4",2024-04-23,narumi,TRUE,FALSE,#boots #(hunters and muddy females)
hunters and muddy females,G:\Boots\boots-heels\hunters and muddy females,"Waders Movie 184 preview [8aYWvAqyYl8](gummistiefel21@gummistiefel21,20150520).mp4",2023-12-25,narumi,TRUE,FALSE,#boots #(hunters and muddy females)
hunters and muddy females,G:\Boots\boots-heels\hunters and muddy females,"walking in the rain in hunter boots [cWTI7x1UBZE](LaTeX boots channel@LaTeXbootschannel,20210511).mp4",2024-08-17,narumi,TRUE,FALSE,#boots #(hunters and muddy females)
hunters and muddy females,G:\Boots\boots-heels\hunters and muddy females,"walking in the woods with Karen [BSlcy2YO0Z0](wellieswomenmess@wellieswomenmess,20200308).mp4",2023-01-26,narumi,TRUE,FALSE,#boots #(hunters and muddy females)
hunters and muddy females,G:\Boots\boots-heels\hunters and muddy females,"wei��yk Gummistiefel [bHa1KtREnzA](pretty, dirty feet@prettydirtyfeet7731,20160509).mp4",2024-02-16,narumi,TRUE,FALSE,#boots #(hunters and muddy females)
hunters and muddy females,G:\Boots\boots-heels\hunters and muddy females,"Wellies and Riders [S-OCDokGni0](Katherine Elizabeth Williams@katherineelizabethwilliams1659,20220115).mp4",2022-01-15,narumi,TRUE,FALSE,#boots #(hunters and muddy females)
hunters and muddy females,G:\Boots\boots-heels\hunters and muddy females,"Wetmar  wet seethrough dress and thigh boots [xjXm_pFizOk](wetmar4ever@wetmar4ever,20080126).mp4",2018-10-18,narumi,TRUE,FALSE,#boots #(hunters and muddy females)
hunters and muddy females,G:\Boots\boots-heels\hunters and muddy females,"whitney mud b [Nnj8Sle-q6A](Dave McShaffrey@mcshaffd,20110409).mp4",2024-08-24,narumi,TRUE,FALSE,#boots #(hunters and muddy females)
hunters and muddy females,G:\Boots\boots-heels\hunters and muddy females,"Why we wear tall wellies [VbwhILJKa70](wellieswomenmess@wellieswomenmess,20190217).mp4",2023-03-03,narumi,TRUE,FALSE,#boots #(hunters and muddy females)
hunters and muddy females,G:\Boots\boots-heels\hunters and muddy females,Wife in hunter rubber boots with black tight legging playing in the mud after dinner [rNEhur3sprA](LaTeX boots channel@LaTe.mp4,2024-08-19,narumi,TRUE,FALSE,#boots #(hunters and muddy females)
hunters and muddy females,G:\Boots\boots-heels\hunters and muddy females,"Wild rubberboots adventures [y45WCOqh4kk](FGstudio@fgstudio9623,20211023).mp4",2021-10-24,narumi,TRUE,FALSE,#boots #(hunters and muddy females)
